{
    "loss": 17.658554077148438,
    "accuracy": 0.4313725531101227
}